ID,port,IP
b1000,20000,127.0.0.1
b1001,20001,127.0.0.1
b1002,20002,127.0.0.1
b1003,20003,127.0.0.1
b1004,20004,127.0.0.1
b1005,20005,127.0.0.1
b1006,20006,127.0.0.1
b1007,20007,127.0.0.1
b1008,20008,127.0.0.1
b1009,20009,127.0.0.1
b1010,20010,127.0.0.1
b1011,20011,127.0.0.1
b1012,20012,127.0.0.1
b1013,20013,127.0.0.1
b1014,20014,127.0.0.1
b1015,20015,127.0.0.1
b1016,20016,127.0.0.1
b1017,20017,127.0.0.1
b1018,20018,127.0.0.1
b1019,20019,127.0.0.1
b1020,20020,127.0.0.1
b1021,20021,127.0.0.1
b1022,20022,127.0.0.1
b1023,20023,127.0.0.1
b1024,20024,127.0.0.1
b1025,20025,127.0.0.1
b1026,20026,127.0.0.1
b1027,20027,127.0.0.1
b1028,20028,127.0.0.1
b1029,20029,127.0.0.1
b1030,20030,127.0.0.1
b1031,20031,127.0.0.1
b1032,20032,127.0.0.1
b1033,20033,127.0.0.1
b1034,20034,127.0.0.1
b1035,20035,127.0.0.1
b1036,20036,127.0.0.1
b1037,20037,127.0.0.1
b1038,20038,127.0.0.1
b1039,20039,127.0.0.1
b1040,20040,127.0.0.1
b1041,20041,127.0.0.1
b1042,20042,127.0.0.1
b1043,20043,127.0.0.1
b1044,20044,127.0.0.1
b1045,20045,127.0.0.1
b1046,20046,127.0.0.1
b1047,20047,127.0.0.1
b1048,20048,127.0.0.1
b1049,20049,127.0.0.1
b1050,20050,127.0.0.1
b1051,20051,127.0.0.1
b1052,20052,127.0.0.1
b1053,20053,127.0.0.1
b1054,20054,127.0.0.1
b1055,20055,127.0.0.1
b1056,20056,127.0.0.1
b1057,20057,127.0.0.1
b1058,20058,127.0.0.1
b1059,20059,127.0.0.1
b1060,20060,127.0.0.1
b1061,20061,127.0.0.1
b1062,20062,127.0.0.1
b1063,20063,127.0.0.1
b1064,20064,127.0.0.1
b1065,20065,127.0.0.1
b1066,20066,127.0.0.1
b1067,20067,127.0.0.1
b1068,20068,127.0.0.1
b1069,20069,127.0.0.1
b1070,20070,127.0.0.1
b1071,20071,127.0.0.1
b1072,20072,127.0.0.1
b1073,20073,127.0.0.1
b1074,20074,127.0.0.1
b1075,20075,127.0.0.1
b1076,20076,127.0.0.1
b1077,20077,127.0.0.1
b1078,20078,127.0.0.1
b1079,20079,127.0.0.1
b1080,20080,127.0.0.1
b1081,20081,127.0.0.1
b1082,20082,127.0.0.1
b1083,20083,127.0.0.1
b1084,20084,127.0.0.1
b1085,20085,127.0.0.1
b1086,20086,127.0.0.1
b1087,20087,127.0.0.1
b1088,20088,127.0.0.1
b1089,20089,127.0.0.1
b1090,20090,127.0.0.1
b1091,20091,127.0.0.1
b1092,20092,127.0.0.1
b1093,20093,127.0.0.1
b1094,20094,127.0.0.1
b1095,20095,127.0.0.1
b1096,20096,127.0.0.1
b1097,20097,127.0.0.1
b1098,20098,127.0.0.1
b1099,20099,127.0.0.1
b1100,20100,127.0.0.1
